name	pool	seq	length	%gc	tm (use 65)
nCoV-2019_1_LEFT	nCov-2019_1	ACCAACCAACTTTCGATCTCTTGT	24	41.67	60.69
nCoV-2019_1_RIGHT	nCov-2019_1	GGTTGCATTCATTTGGTGACGC	22	50	61.49
nCoV-2019_3_LEFT	nCov-2019_1	GGCTTGAAGAGAAGTTTAAGGAAGGT	26	42.31	61.19
nCoV-2019_3_RIGHT	nCov-2019_1	GATTGTCCTCACTGCCGTCTTG	22	54.55	61.5
nCoV-2019_5_LEFT	nCov-2019_1	ACCTACTAAAAAGGCTGGTGGC	22	50	60.55
nCoV-2019_5_RIGHT	nCov-2019_1	AGCATCTTGTAGAGCAGGTGGA	22	50	61.16
nCoV-2019_7_LEFT	nCov-2019_1	ACCTGGTGTATACGTTGTCTTTGG	24	45.83	60.8
nCoV-2019_7_RIGHT	nCov-2019_1	GCTGAAATCGGGGCCATTTGTA	22	50	61.53
nCoV-2019_9_LEFT	nCov-2019_1	AGAAGTTACTGGCGATAGTTGTAATAACT	29	34.48	60.59
nCoV-2019_9_RIGHT	nCov-2019_1	TGCTGATATGTCCAAAGCACCA	22	45.45	60.29
nCoV-2019_11_LEFT	nCov-2019_1	AGACACCTAAGTATAAGTTTGTTCGCA	27	37.04	60.74
nCoV-2019_11_RIGHT	nCov-2019_1	GCCCACATGGAAATGGCTTGAT	22	50	61.8
nCoV-2019_13_LEFT	nCov-2019_1	ACCTCTTACAACAGCAGCCAAAC	23	47.83	61.55
nCoV-2019_13_RIGHT	nCov-2019_1	CGTCCTTTTCTTGGAAGCGACA	22	50	61.38
nCoV-2019_15_LEFT	nCov-2019_1	TTTTAAGGAATTACTTGTGTATGCTGCT	28	32.14	60.06
nCoV-2019_15_RIGHT	nCov-2019_1	ACACACAACAGCATCGTCAGAG	22	50	61.12
nCoV-2019_17_LEFT	nCov-2019_1	TCAAGCTTTTTGCAGCAGAAACG	23	43.48	61.28
nCoV-2019_17_RIGHT	nCov-2019_1	CCAAGCAGGGTTACGTGTAAGG	22	54.55	61.19
nCoV-2019_19_LEFT	nCov-2019_1	GGCACATGGCTTTGAGTTGACA	22	50	61.91
nCoV-2019_19_RIGHT	nCov-2019_1	CCTGTTGTCCATCAAAGTGTCCC	23	52.17	61.62
nCoV-2019_21_LEFT	nCov-2019_1	TCTGTAGTTTCTAAGGTTGTCAAAGTGA	28	35.71	60.58
nCoV-2019_21_RIGHT	nCov-2019_1	GCAGGGGGTAATTGAGTTCTGG	22	54.55	60.95
nCoV-2019_23_LEFT	nCov-2019_1	ACTTTAGAGTCCAACCAACAGAATCT	26	38.46	60.18
nCoV-2019_23_RIGHT	nCov-2019_1	TGACTAGCTACACTACGTGCCC	22	54.55	61.52
nCoV-2019_25_LEFT	nCov-2019_1	TGCTGCTACTAAAATGTCAGAGTGT	25	40	60.51
nCoV-2019_25_RIGHT	nCov-2019_1	CATTTCCAGCAAAGCCAAAGCC	22	50	61.45
nCoV-2019_27_LEFT	nCov-2019_1	TGGATCACCGGTGGAATTGCTA	22	50	61.75
nCoV-2019_27_RIGHT	nCov-2019_1	TGTTCGTTTAGGCGTGACAAGT	22	45.45	60.74
nCoV-2019_29_LEFT	nCov-2019_1	TGAGGGAGCCTTGAATACACCA	22	50	61.1
nCoV-2019_29_RIGHT	nCov-2019_1	TAGGCAGCTCTCCCTAGCATTG	22	54.55	61.61
nCoV-2019_2_LEFT	nCov-2019_2	CCATAATCAAGACTATTCAACCAAGGGT	28	39.29	61.27
nCoV-2019_2_RIGHT	nCov-2019_2	ACAGGTGACAATTTGTCCACCG	22	50	61.33
nCoV-2019_4_LEFT	nCov-2019_2	GGAATTTGGTGCCACTTCTGCT	22	50	61.66
nCoV-2019_4_RIGHT	nCov-2019_2	CCTGACCCGGGTAAGTGGTTAT	22	54.55	61.49
nCoV-2019_6_LEFT	nCov-2019_2	ACTTCTATTAAATGGGCAGATAACAACTG	29	34.48	60.18
nCoV-2019_6_RIGHT	nCov-2019_2	GATTATCCATTCCCTGCGCGTC	22	54.55	61.75
nCoV-2019_8_LEFT	nCov-2019_2	CAATCATGCAATTGTTTTTCAGCTATTTTG	30	30	60.39
nCoV-2019_8_RIGHT	nCov-2019_2	TGACTTTTTGCTACCTGCGCAT	22	45.45	61.39
nCoV-2019_10_LEFT	nCov-2019_2	TTTACCAGGAGTTTTCTGTGGTGT	24	41.67	60.32
nCoV-2019_10_RIGHT	nCov-2019_2	TGGGCCTCATAGCACATTGGTA	22	50	61.5
nCoV-2019_12_LEFT	nCov-2019_2	ATGGTGCTAGGAGAGTGTGGAC	22	54.55	61.48
nCoV-2019_12_RIGHT	nCov-2019_2	GGATTTCCCACAATGCTGATGC	22	50	60.48
nCoV-2019_14_LEFT	nCov-2019_2	ACAGGCACTAGTACTGATGTCGT	23	47.83	61.12
nCoV-2019_14_RIGHT	nCov-2019_2	GTGCAGCTACTGAAAAGCACGT	22	50	61.94
nCoV-2019_16_LEFT	nCov-2019_2	ACAACACAGACTTTATGAGTGTCTCT	26	38.46	60.18
nCoV-2019_16_RIGHT	nCov-2019_2	CTCTGTCAGACAGCACTTCACG	22	54.55	61.17
nCoV-2019_18_LEFT	nCov-2019_2	GCACATAAAGACAAATCAGCTCAATGC	27	40.74	62.03
nCoV-2019_18_RIGHT	nCov-2019_2	TGTCTGAAGCAGTGGAAAAGCA	22	45.45	60.68
nCoV-2019_20_LEFT	nCov-2019_2	ACAATTTGATACTTATAACCTCTGGAACAC	30	33.33	60.15
nCoV-2019_20_RIGHT	nCov-2019_2	GATTAGGCATAGCAACACCCGG	22	54.55	61.39
nCoV-2019_22_LEFT	nCov-2019_2	GTGATGTTCTTGTTAACAACTAAACGAACA	30	33.33	61.44
nCoV-2019_22_RIGHT	nCov-2019_2	AACAGATGCAAATCTGGTGGCG	22	50	62.03
nCoV-2019_24_LEFT	nCov-2019_2	GCTGAACATGTCAACAACTCATATGA	26	38.46	60.13
nCoV-2019_24_RIGHT	nCov-2019_2	ATGAGGTGCTGACTGAGGGAAG	22	54.55	61.74
nCoV-2019_26_LEFT	nCov-2019_2	GCCTTGAAGCCCCTTTTCTCTA	22	50	60.29
nCoV-2019_26_RIGHT	nCov-2019_2	AATGACCACATGGAACGCGTAC	22	50	61.5
nCoV-2019_28_LEFT	nCov-2019_2	TTTGTGCTTTTTAGCCTTTCTGCT	24	37.5	60.14
nCoV-2019_28_RIGHT	nCov-2019_2	GTTTGGCCTTGTTGTTGTTGGC	22	50	61.82
